시군명,명칭,주소,면적,취득일,데이터기준일자
안양시,희성놀이터화장실,경기도 안양시 동안구 비산동 1101-3,12.96,1995-02-28,2026-06-30
안양시,후생관(구내식당),경기도 안양시 만안구 안양로 175,315,2018-01-31,2026-06-30
안양시,화창경로당,경기도 안양시 만안구 화창로 84,144.18,1999-12-27,2026-06-30
안양시,화장실및 음수대,경기도 안양시 동안구 관양동 1609,47.61,2006-05-23,2026-06-30
안양시,평화공원 화장실,경기도 안양시 동안구 비산동 1104-2,61.67,2013-08-23,2026-06-30
안양시,호계 배드민턴장 화장실,경기도 안양시 동안구 엘에스로144번길 86,32.64,2006-09-21,2026-06-30
안양시,호현경로당,경기도 안양시 만안구 박달로275번길 39,175.56,1999-12-29,2026-06-30
안양시,호암배수지관리사택,경기도 안양시 만안구 경수대로 1352,57.96,1993-10-02,2026-06-30
안양시,호암공원 화장실,경기도 안양시 만안구 석수동 497-5,18.6,2016-04-30,2026-06-30
안양시,호계체육관,경기도 안양시 동안구 호계동 177-0,12391.3,2008-08-06,2026-06-30
안양시,호계배드민턴장,경기도 안양시 동안구 엘에스로144번길 86,1427.72,2013-11-04,2026-06-30
안양시,호계동복합청사,경기도 안양시 동안구 경수대로 504,9376.56,2014-10-17,2026-06-30
안양시,호계도서관본관동,경기도 안양시 동안구 경수대로685번길 26,1871.92,1997-06-28,2026-06-30
안양시,호계도서관별관동,경기도 안양시 동안구 경수대로685번길 26,993.65,1997-06-28,2026-06-30
안양시,호계공원테니스장락카룸및화장실,경기도 안양시 동안구 호계동 176-4,197.58,1999-10-25,2026-06-30
안양시,호계공원매점및화장실,경기도 안양시 동안구 호계동 335-113,84.64,2000-11-28,2026-06-30
안양시,호계3동 다목적복지회관,경기도 안양시 동안구 포도원로27번길 39,597.66,1994-12-26,2026-06-30
안양시,호계2동사무소,경기도 안양시 동안구 경수대로665번길 11,289.36,1995-05-09,2026-06-30
안양시,호계2동 다목적복지회관,경기도 안양시 동안구 경수대로 725,1189.05,1995-12-19,2026-06-30
안양시,호계1동사무소,경기도 안양시 동안구 경수대로 538,1271.52,1995-03-17,2026-06-30
안양시,호계1동노외주차장,경기도 안양시 동안구 흥안대로145번길 86,4039.02,2001-10-12,2026-06-30
안양시,호계1동 다목적복지회관,경기도 안양시 동안구 흥안대로145번길 32,2227.12,1998-11-28,2026-06-30
안양시,호계 고객문화센터,경기도 안양시 동안구 흥안대로133번길 59-2,146.99,2011-07-19,2026-06-30
안양시,협심어린이집,경기도 안양시 만안구 능곡로 21,432.53,1992-12-28,2026-06-30
안양시,협신경로당,경기도 안양시 만안구 양화로151번길 31,197.4,1998-05-27,2026-06-30
안양시,향토사료관,경기도 안양시 만안구 장내로143번길 8,300.78,2000-10-10,2026-06-30
안양시,향촌놀이터화장실,경기도 안양시 동안구 호계동 1054-4,53.46,1995-02-28,2026-06-30
안양시,해외질병차폐동,경기도 안양시 만안구 안양로 175,2883.36,2018-01-31,2026-06-30
안양시,해부제제실,경기도 안양시 만안구 안양로 175,137.62,2018-01-31,2026-06-30
안양시,해동놀이터 지하주차장,경기도 안양시 동안구 관악대로287번길 104-22,2620,2006-07-07,2026-06-30
안양시,해누리어린이집,경기도 안양시 만안구 안양동 1420,534.89,2021-02-28,2026-06-30
안양시,학운공원화장실,경기도 안양시 동안구 비산동 1099,13,1993-12-23,2026-06-30
안양시,학운공원관리사무소화장실,경기도 안양시 동안구 비산동 1100,18.48,1995-12-31,2026-06-30
안양시,학운공원관리사무소,경기도 안양시 동안구 비산동 1100,36.63,1995-02-28,2026-06-30
안양시,폐수처리동,경기도 안양시 동안구 흥안대로 313,102.2,1997-03-25,2026-06-30
안양시,평화공원화장실,경기도 안양시 동안구 비산동 1104-2,36,1995-02-28,2026-06-30
안양시,평촌청소년문화의집,경기도 안양시 동안구 흥안대로 394,748.49,2018-03-17,2026-06-30
안양시,평촌지하주차장,경기도 안양시 동안구 시민대로 지하 238,35254.2,1995-12-22,2026-06-30
안양시,평촌아트홀,경기도 안양시 동안구 평촌대로 86,7989.89,2004-06-30,2026-06-30
안양시,평촌스마트스퀘어 지하주차장,경기도 안양시 동안구 부림로170번길 20,5290.95,2015-04-29,2026-06-30
안양시,평촌배수지관리사택,경기도 안양시 동안구 호계동 806-1,66,1992-04-30,2026-06-30
안양시,평촌동사무소,경기도 안양시 동안구 흥안대로 394,312.97,1976-07-15,2026-06-30
안양시,평촌동 주민센터,경기도 안양시 동안구 흥안대로456번길 21,2891.66,2012-11-20,2026-06-30
안양시,평촌도서관,경기도 안양시 동안구 관평로 213,3642,1995-02-23,2026-06-30
안양시,평촌놀이터화장실,경기도 안양시 동안구 평촌동 897-6,12.96,1995-02-28,2026-06-30
안양시,평촌공원화장실,경기도 안양시 동안구 관평로 213,36,1995-02-28,2026-06-30
안양시,평촌공원관리사무소,경기도 안양시 동안구 관평로 213,36.63,1995-02-28,2026-06-30
안양시,평촌1번가 고객지원센터,경기도 안양시 동안구 평촌대로223번길 36,117.63,2022-07-19,2026-06-30
안양시,평안동사무소,경기도 안양시 동안구 관평로138번길 39,1106.96,1992-09-27,2026-06-30
안양시,평안놀이터화장실,경기도 안양시 동안구 평촌동 899-6,53.46,1995-02-28,2026-06-30
안양시,카네이션하우스,경기도 안양시 만안구 병목안로130번길 172-58,122,2017-08-02,2026-06-30
안양시,충훈중앙경로당,경기도 안양시 만안구 석수로178번길 28,72.4,2000-01-17,2026-06-30
안양시,충훈벌말경로당,경기도 안양시 만안구 충훈로71번길 15,146.92,2004-01-05,2026-06-30
안양시,초원놀이터화장실,경기도 안양시 동안구 평촌동 896-3,12.96,1995-02-28,2026-06-30
안양시,체육과및실내빙상장,경기도 안양시 동안구 평촌대로 389,45451.78,2000-10-31,2026-06-30
안양시,청소년수련관,경기도 안양시 동안구 동안로 155,13772.81,1998-10-30,2026-06-30
안양시,청소년상담실,경기도 안양시 만안구 안양로263번길 31,786.53,2010-08-25,2026-06-30
안양시,청과물동,경기도 안양시 동안구 흥안대로 313,32361.74,1997-03-25,2026-06-30
안양시,청계취수장가압펌프장,경기도 의왕시 벌모루앞길 21,129,1979-08-01,2026-06-30
안양시,청계취수장가압발전실,경기도 의왕시 벌모루앞길 21,53,1987-06-01,2026-06-30
안양시,청계취수장가압경비실,경기도 의왕시 벌모루앞길 21,20,1987-12-01,2026-06-30
안양시,청계정수장탈수기동,경기도 의왕시 덕장로 69,1880.6,2002-04-05,2026-06-30
안양시,청계정수장침전지공동구계단실,경기도 의왕시 덕장로 69,14.46,2002-04-05,2026-06-30
안양시,청계정수장초소,경기도 의왕시 덕장로 69,12,2002-04-05,2026-06-30
안양시,청계정수장창고및정비동,경기도 의왕시 덕장로 69,412.2,2002-04-05,2026-06-30
안양시,청계정수장집수조펌프실,경기도 의왕시 덕장로 69,25.2,2002-04-05,2026-06-30
안양시,청계정수장정수장환기실B형,경기도 의왕시 덕장로 69,25.16,2002-04-05,2026-06-30
안양시,청계정수장정수장환기실A형,경기도 의왕시 덕장로 69,25.9,2002-04-05,2026-06-30
안양시,청계정수장염소투입동,경기도 의왕시 덕장로 69,375,2002-04-05,2026-06-30
안양시,청계정수장여과지상옥,경기도 의왕시 덕장로 69,2288.2,2002-04-05,2026-06-30
안양시,청계정수장약품투입동,경기도 의왕시 덕장로 69,1210.1,2002-04-05,2026-06-30
안양시,청계정수장수위실,경기도 의왕시 덕장로 69,164.25,2002-04-05,2026-06-30
안양시,청계정수장송수펌프동,경기도 의왕시 덕장로 69,925.36,2002-04-05,2026-06-30
안양시,청계정수장락카룸,경기도 의왕시 덕장로 69,84,2002-04-05,2026-06-30
안양시,청계정수장관리동,경기도 의왕시 덕장로 69,2725.51,2002-04-05,2026-06-30
안양시,청계정수장공도구계단실,경기도 의왕시 덕장로 69,19.04,2002-04-05,2026-06-30
안양시,청계공동묘지관리소,경기도 의왕시 하오개로 60,86.4,1996-04-01,2026-06-30
안양시,농수산물도매시장 채소E동,경기도 안양시 동안구 흥안대로 313,110.25,1997-03-25,2026-06-30
안양시,농수산물도매시장 채소D동,경기도 안양시 동안구 흥안대로 313,110.25,1997-03-25,2026-06-30
안양시,농수산물도매시장 채소C동,경기도 안양시 동안구 흥안대로 313,2058,1997-03-25,2026-06-30
안양시,농수산물도매시장 채소B동,경기도 안양시 동안구 흥안대로 313,588,1997-03-25,2026-06-30
안양시,농수산물도매시장 채소A동,경기도 안양시 동안구 흥안대로 313,588,1997-03-25,2026-06-30
안양시,창박골배수지환기실B,경기도 안양시 만안구 창박로41번길 19,23.12,2005-09-21,2026-06-30
안양시,창박골배수지환기실A,경기도 안양시 만안구 창박로41번길 19,15.28,2005-09-21,2026-06-30
안양시,창박골배수지관리사,경기도 안양시 만안구 창박로41번길 19,108,2005-09-21,2026-06-30
안양시,직판상가,경기도 안양시 동안구 흥안대로 313,913.3,2000-06-28,2026-06-30
안양시,지하터널상가동,경기도 안양시 동안구 흥안대로 313,2149,1997-03-25,2026-06-30
안양시,지역아동센터,경기도 안양시 만안구 안양동 530 만안구청 B동,330.24,1985-01-07,2026-06-30
안양시,중촌경로당,경기도 안양시 동안구 관악대로359번길 20-22,132.93,2018-05-30,2026-06-30
안양시,중앙지하도상가,경기도 안양시 만안구 만안로223번길 23-2,1353.44,1978-06-02,2026-06-30
안양시,중앙시장 상인회관,경기도 안양시 만안구 안양동 711-280 중앙시장 상인회관,103.44,2008-07-11,2026-06-30
안양시,중앙공원주차장화장실,경기도 안양시 동안구 관평로 149,36.3,1996-12-31,2026-06-30
안양시,중앙공원관리정자(F동),경기도 안양시 동안구 관평로 149,20.25,1995-02-28,2026-06-30
안양시,중앙공원관리정자(E동),경기도 안양시 동안구 관평로 149,20.25,1995-02-28,2026-06-30
안양시,중앙공원관리정자(C동),경기도 안양시 동안구 관평로 149,20.25,1995-02-28,2026-06-30
안양시,중앙공원관리정자(B동),경기도 안양시 동안구 관평로 149,20.25,1995-02-28,2026-06-30
안양시,중앙공원관리사무소(A),경기도 안양시 동안구 관평로 149,192,1995-02-28,2026-06-30
안양시,중앙공원 화장실,경기도 안양시 동안구 관평로 149,36,2000-01-07,2026-06-30
안양시,중앙공원 화장실,경기도 안양시 동안구 관평로 149,43,1999-12-30,2026-06-30
안양시,중앙공원 창고,경기도 안양시 동안구 관평로 149,299,1996-05-16,2026-06-30
안양시,중앙공원 매점,경기도 안양시 동안구 관평로 149,45.2,1998-07-06,2026-06-30
안양시,농림축산 검역본부 준비실,경기도 안양시 만안구 안양로 175,347.11,2018-01-31,2026-06-30
안양시,농수산물도매시장 주차동(비가림),경기도 안양시 동안구 흥안대로 313,775.32,1997-03-25,2026-06-30
안양시,주민개방주차장,경기도 안양시 만안구 안양동 433-2,424.65,2020-11-05,2026-06-30
안양시,주경기장,경기도 안양시 동안구 평촌대로 389,32580,1986-06-30,2026-06-30
안양시,종합연구동,경기도 안양시 만안구 안양로 175,1876.8,2018-01-31,2026-06-30
안양시,조류질병연구동,경기도 안양시 만안구 안양로 175,676.36,2018-01-31,2026-06-30
안양시,제2정수장펌프회수실,경기도 의왕시 복지로 28,50,1986-12-01,2026-06-30
안양시,제2정수장펌프및조절실,경기도 의왕시 복지로 28,370,1986-12-01,2026-06-30
안양시,제2정수장염소투입실,경기도 의왕시 복지로 28,50,1986-12-01,2026-06-30
안양시,제2정수장염소투입실,경기도 의왕시 복지로 28,122,1983-10-01,2026-06-30
안양시,제2정수장여과지상옥,경기도 의왕시 복지로 28,899,1986-12-01,2026-06-30
안양시,제2정수장여과지건물,경기도 의왕시 복지로 28,864,1983-10-01,2026-06-30
안양시,제2정수장여과지건물,경기도 의왕시 복지로 28,115,1988-05-01,2026-06-30
안양시,제2정수장약품투입실,경기도 의왕시 복지로 28,275,1983-10-01,2026-06-30
안양시,제2정수장약품투입실,경기도 의왕시 복지로 28,48,1993-07-25,2026-06-30
안양시,제2정수장수위실,경기도 의왕시 복지로 28,59,1986-12-01,2026-06-30
안양시,제2정수장사택,경기도 의왕시 복지로 28,44,1978-11-01,2026-06-30
안양시,제2정수장사무실,경기도 의왕시 복지로 28,73,1992-12-15,2026-06-30
안양시,제2정수장배출수처리,경기도 의왕시 복지로 28,1428.02,1997-05-27,2026-06-30
안양시,제2정수장발전실,경기도 의왕시 복지로 28,40,1984-10-01,2026-06-30
안양시,제2정수장경비초소,경기도 의왕시 복지로 28,12,1984-11-01,2026-06-30
안양시,제2정수장경비초소,경기도 의왕시 복지로 28,17,1988-12-01,2026-06-30
안양시,제2정수장경비초소,경기도 의왕시 복지로 28,4,1986-12-01,2026-06-30
안양시,제1정수장화장실,경기도 안양시 동안구 비산동 산 166,4,1982-07-01,2026-06-30
안양시,제1정수장탈수기동,경기도 안양시 동안구 비산동 산 166,960,1992-04-30,2026-06-30
안양시,제1정수장염소투입실,경기도 안양시 동안구 비산동 산 166,869,1993-07-25,2026-06-30
안양시,제1정수장염소투입실,경기도 안양시 동안구 비산동 산 166,116,1986-12-01,2026-06-30
안양시,제1정수장여과지실,경기도 안양시 동안구 비산동 산 166,1020,1993-07-25,2026-06-30
안양시,제1정수장여과지건물,경기도 안양시 동안구 비산동 산 166,572,1981-09-01,2026-06-30
안양시,제1정수장약품투입실,경기도 안양시 동안구 비산동 산 166,309,1993-07-25,2026-06-30
안양시,제1정수장약품투입실,경기도 안양시 동안구 비산동 산 166,144,1981-09-01,2026-06-30
안양시,제1정수장약품투입실,경기도 안양시 동안구 비산동 산 166,34,1973-07-01,2026-06-30
안양시,제1정수장액체염소투입실,경기도 안양시 동안구 비산동 산 166,72,1981-09-01,2026-06-30
안양시,제1정수장사택및초소,경기도 안양시 동안구 비산동 산 166,79,1993-07-25,2026-06-30
안양시,제1정수장사택,경기도 안양시 동안구 비산동 산 166,617,1973-10-01,2026-06-30
안양시,제1정수장본관,경기도 안양시 동안구 비산동 산 166,617,1973-10-01,2026-06-30
안양시,제1정수장발전실,경기도 안양시 동안구 비산동 산 166,34,1986-12-01,2026-06-30
안양시,제1정수장급수펌프실,경기도 안양시 동안구 비산동 산 166,246,1993-07-25,2026-06-30
안양시,제1정수장관리분관,경기도 안양시 동안구 비산동 산 166,609,1993-07-25,2026-06-30
안양시,제1정수장경비초소,경기도 안양시 동안구 비산동 산 166,5,1983-10-01,2026-06-30
안양시,제1정수장경비초소,경기도 안양시 동안구 비산동 산 166,4,1978-08-01,2026-06-30
안양시,제1정수장경비실,경기도 안양시 동안구 비산동 산 166,3.89,1996-12-24,2026-06-30
안양시,제1정수장경비실,경기도 안양시 동안구 비산동 산 166,40,1986-12-01,2026-06-30
안양시,정밀검사실험실,경기도 안양시 만안구 안양로 175,1983.24,2018-01-31,2026-06-30
안양시,전문연구동,경기도 안양시 만안구 안양로 175,2847.47,2018-01-31,2026-06-30
안양시,저수시설,경기도 안양시 동안구 흥안대로 313,61.6,1999-01-07,2026-06-30
안양시,장애인재활자립작업장,경기도 안양시 만안구 시민대로 34,345,2003-03-26,2026-06-30
안양시,장애인단체사무실,경기도 안양시 만안구 안양로384번길 44,533.95,1993-11-11,2026-06-30
안양시,작업동,경기도 안양시 동안구 흥안대로 313,136.5,1997-03-25,2026-06-30
안양시,자유센터,경기도 안양시 동안구 평촌대로 86,1544.09,1995-07-05,2026-06-30
안양시,자유놀이터화장실,경기도 안양시 동안구 호계동 1080,51.84,1995-02-20,2026-06-30
안양시,자유공원화장실,경기도 안양시 동안구 평촌대로 86,75.74,2017-01-31,2026-06-30
안양시,자유공원화장실,경기도 안양시 동안구 평촌대로 86,36,1995-12-05,2026-06-30
안양시,자유공원화장실,경기도 안양시 동안구 평촌대로 86,36,1995-12-05,2026-06-30
안양시,자유공원정자E,경기도 안양시 동안구 평촌대로 86,12.96,1995-12-05,2026-06-30
안양시,자유공원정자D,경기도 안양시 동안구 평촌대로 86,12.96,1995-12-05,2026-06-30
안양시,자유공원정자C,경기도 안양시 동안구 평촌대로 86,12.96,1995-12-05,2026-06-30
안양시,자유공원정자B,경기도 안양시 동안구 평촌대로 86,12.96,1995-12-05,2026-06-30
안양시,자유공원관리소,경기도 안양시 동안구 호계동 1113-2,36.63,1993-10-09,2026-06-30
안양시,자원회수시설,경기도 안양시 동안구 시민대로 328,6286.32,1997-03-31,2026-06-30
안양시,자연생태학습관,경기도 안양시 만안구 석수로 320,1499,2012-10-10,2026-06-30
안양시,자동차관련시설,경기도 안양시 동안구 평촌대로 452,517.7,1999-07-09,2026-06-30
안양시,일번가지하쇼핑몰(사무실),경기도 안양시 만안구 안양로314번길 22,1653.59,2006-04-05,2026-06-30
안양시,일번가지하쇼핑몰,경기도 안양시 만안구 만안로223번길 23-2,15824,1986-05-07,2026-06-30
안양시,인덕원환승주차장,경기도 안양시 동안구 안양판교로 23,35,1997-08-19,2026-06-30
안양시,인덕원경로당,경기도 안양시 동안구 관양로305번길 35,198,1998-04-11,2026-06-30
안양시,이동식화장실,경기도 안양시 만안구 안양동 967-3,10,2014-03-31,2026-06-30
안양시,율목종합사회복지관(행복나눔센터),경기도 안양시 만안구 안양동 714-169 성지요양원,177.74,2010-09-30,2026-06-30
안양시,율목종합사회복지관,경기도 안양시 만안구 병목안로130번길 166,1973.43,2003-03-03,2026-06-30
안양시,유유산업9동,경기도 안양시 만안구 예술공원로103번길 4,185.12,2007-06-07,2026-06-30
안양시,유유산업7동,경기도 안양시 만안구 예술공원로103번길 4,45.52,2007-06-06,2026-06-30
안양시,유유산업6동,경기도 안양시 만안구 예술공원로103번길 4,70.51,2007-06-05,2026-06-30
안양시,유유산업5동,경기도 안양시 만안구 예술공원로103번길 4,103.2,2007-06-04,2026-06-30
안양시,유유산업4동,경기도 안양시 만안구 예술공원로103번길 4,77.9,2007-06-03,2026-06-30
안양시,유유산업3동,경기도 안양시 만안구 예술공원로103번길 4,162.12,2007-06-02,2026-06-30
안양시,유유산업2동,경기도 안양시 만안구 예술공원로103번길 4,593.72,2007-06-01,2026-06-30
안양시,유유산업22동,경기도 안양시 만안구 예술공원로103번길 4,1282.08,2007-06-19,2026-06-30
안양시,유유산업21동,경기도 안양시 만안구 예술공원로103번길 4,2529.05,2007-06-18,2026-06-30
안양시,유유산업20동,경기도 안양시 만안구 예술공원로103번길 4,35.44,2007-06-17,2026-06-30
안양시,유유산업1동,경기도 안양시 만안구 예술공원로103번길 4,644.06,2007-05-31,2026-06-30
안양시,유유산업19동2호,경기도 안양시 만안구 예술공원로103번길 4,797.73,2007-06-16,2026-06-30
안양시,유유산업19동1호,경기도 안양시 만안구 예술공원로103번길 4,307.77,2007-06-15,2026-06-30
안양시,유유산업18동,경기도 안양시 만안구 예술공원로103번길 4,201.66,2007-06-14,2026-06-30
안양시,유유산업17동,경기도 안양시 만안구 예술공원로103번길 4,53.29,2007-06-13,2026-06-30
안양시,유유산업16동,경기도 안양시 만안구 예술공원로103번길 4,384.92,2007-06-12,2026-06-30
안양시,유유산업15동,경기도 안양시 만안구 예술공원로103번길 4,28.83,2007-06-11,2026-06-30
안양시,유유산업12동,경기도 안양시 만안구 예술공원로103번길 4,230.38,2007-06-10,2026-06-30
안양시,유유산업11동,경기도 안양시 만안구 예술공원로103번길 4,11.74,2007-06-09,2026-06-30
안양시,유유산업10동,경기도 안양시 만안구 예술공원로103번길 4,8.79,2007-06-08,2026-06-30
안양시,위생처리장3동(처리동),경기도 안양시 만안구 화창로 10,415.8,2002-12-02,2026-06-30
안양시,위생처리장2동(관리사택),경기도 안양시 만안구 화창로 10,284.28,1991-02-18,2026-06-30
안양시,위생처리장1동(관리동),경기도 안양시 만안구 화창로 10,265.74,1991-02-28,2026-06-30
안양시,운곡공원화장실,경기도 안양시 동안구 비산동 산 74,36.3,2000-12-31,2026-06-30
안양시,운곡공원화장실,경기도 안양시 동안구 비산동 249-6,36.27,1999-06-26,2026-06-30
안양시,오물처리동,경기도 안양시 동안구 흥안대로 313,302.4,1997-03-25,2026-06-30
안양시,예술공원화장실,경기도 안양시 만안구 석수동 산 20,39.96,1984-07-09,2026-06-30
안양시,예술공원주차장화장실,경기도 안양시 만안구 석수동 240-17,49.5,1982-11-02,2026-06-30
안양시,연현배수펌프장,경기도 안양시 만안구 연현로 128,220,2000-01-01,2026-06-30
안양시,역돈사,경기도 안양시 만안구 안양로 175,167.6,2018-01-31,2026-06-30
안양시,어울마당,경기도 안양시 만안구 예술공원로103번길 4,173.26,2013-10-31,2026-06-30
안양시,어수정경로당,경기도 안양시 만안구 박달로539번길 32-4,136.24,2004-02-17,2026-06-30
안양시,어린이공원8호화장실,경기도 안양시 동안구 호계동 1053-5,29,2017-01-31,2026-06-30
안양시,어린이공원19호화장실,경기도 안양시 동안구 평촌동 927,29,2017-01-31,2026-06-30
안양시,어린이공원17호화장실,경기도 안양시 동안구 호계동 1061,29,2017-01-31,2026-06-30
안양시,어린이공원15호화장실,경기도 안양시 동안구 호계동 1055-2,29,2017-01-31,2026-06-30
안양시,양화 경로당,경기도 안양시 만안구 양화로97번길 38-3,132.36,2014-09-05,2026-06-30
안양시,양지경로당,경기도 안양시 만안구 양화로37번길 6-1,189.48,2018-06-07,2026-06-30
안양시,야외수영장,경기도 안양시 동안구 평촌대로 389,1394.96,2001-07-11,2026-06-30
안양시,안전연구실(2동),경기도 안양시 만안구 안양로 175,348,2018-01-31,2026-06-30
안양시,안전연구실,경기도 안양시 만안구 안양로 175,325.06,2018-01-31,2026-06-30
안양시,안전성연구동,경기도 안양시 만안구 안양로 175,1851.2,2018-01-31,2026-06-30
안양시,안양창업지원센터,경기도 안양시 동안구 시민대로327번길 11-41,14792.21,2015-08-19,2026-06-30
안양시,안양어린이도서관,경기도 안양시 동안구 동안로 66,3280.67,2007-07-16,2026-06-30
안양시,안양양궁장,경기도 안양시 동안구 관악대로121번길 79,572.6,2002-11-04,2026-06-30
안양시,안양양궁장,경기도 안양시 동안구 관악대로121번길 79,114,2002-11-04,2026-06-30
안양시,안양알바로시자홀,경기도 안양시 만안구 예술공원로 180,781.45,2006-05-16,2026-06-30
안양시,안양아트센터야외공연장,경기도 안양시 만안구 문예로36번길 16,104.2,1989-12-13,2026-06-30
안양시,안양아트센터,경기도 안양시 만안구 문예로36번길 16,15188.4,1989-12-13,2026-06-30
안양시,안양실내게이트볼장화장실,경기도 안양시 동안구 경수대로665번길 74-29,36,1999-11-06,2026-06-30
안양시,안양실내게이트볼장,경기도 안양시 동안구 경수대로665번길 74-29,1468.47,2004-12-23,2026-06-30
안양시,안양시장애인재활자립작업장,경기도 안양시 만안구 안양동 219-9 성일디지털타워제4층제402호,184.65,2015-12-01,2026-06-30
안양시,안양시예절교육관(본관),경기도 안양시 동안구 평촌대로401번길 62,252.7,1990-08-27,2026-06-30
안양시,안양시예절교육관(별관),경기도 안양시 동안구 평촌대로401번길 62,86.4,1990-08-27,2026-06-30
안양시,안양시비산정수장,경기도 안양시 동안구 비산동 산 145-2,7014.68,1993-07-25,2026-06-30
안양시,안양시노인종합복지관(본관),경기도 안양시 동안구 경수대로665번길 74-30,1876.22,1999-11-06,2026-06-30
안양시,안양시남자단기청소년쉼터,경기도 안양시 동안구 관양동 1450-1 제4층 제401호,328.01,2019-04-08,2026-06-30
안양시,안양시 치매안심센터,경기도 안양시 동안구 관악대로 375,891.25,1994-11-22,2026-06-30
안양시,안양시 장애인지원센터,경기도 안양시 만안구 냉천로 44,1910.41,2010-05-25,2026-06-30
안양시,안양사지전시관,경기도 안양시 만안구 예술공원로103번길 4,1262.62,2013-10-31,2026-06-30
안양시,안양문화원,경기도 안양시 만안구 현충로 53,2648.16,2009-09-11,2026-06-30
안양시,안양노동복지회관,경기도 안양시 만안구 안양로 3,2155.6,1989-12-24,2026-06-30
안양시,안양궁도장,경기도 안양시 동안구 평촌대로 70,373.26,2001-06-12,2026-06-30
안양시,안양9동 행정복지센터,경기도 안양시 만안구 병목안로142번길 12-9,1198.65,1995-08-28,2026-06-30
안양시,안양9동 창암경로당,경기도 안양시 만안구 창박로41번길 34,375.13,2011-02-28,2026-06-30
안양시,안양9동 꿈 나눔터,경기도 안양시 만안구 병목안로142번길 8,90.2,2021-12-31,2026-06-30
안양시,안양8동경로당,경기도 안양시 만안구 냉천로 25,202,2019-11-30,2026-06-30
안양시,안양8동경로당,경기도 안양시 만안구 냉천로 29-1,64.27,1983-07-01,2026-06-30
안양시,안양8동 행정복지센터,경기도 안양시 만안구 안양동 572,2988,2020-05-30,2026-06-30
안양시,안양8동 행정복지센터,경기도 안양시 만안구 안양로111번길 17,2988.19,1996-08-13,2026-06-30
안양시,안양8동 다목적복지회관,경기도 안양시 만안구 명학로5번길 12,1066.09,1997-04-09,2026-06-30
안양시,안양7동경로당,경기도 안양시 만안구 덕천로 94-12,204.34,1989-01-26,2026-06-30
안양시,안양7동 행정복지센터,경기도 안양시 만안구 덕천로 115,2410.21,2017-01-15,2026-06-30
안양시,안양7동 다목적복지회관,경기도 안양시 만안구 덕천로 94-9,1795.85,1995-09-12,2026-06-30
안양시,안양7동 공영주차장,경기도 안양시 만안구 안양동 212-3,3897,2021-05-14,2026-06-30
안양시,안양6동 행정복지센터,경기도 안양시 만안구 안양로170번길 23,1149.58,1994-02-17,2026-06-30
안양시,안양5동경로당,경기도 안양시 만안구 안양로263번길 20,207.9,1988-10-11,2026-06-30
안양시,안양5동 행정복지센터,경기도 안양시 만안구 냉천로157번길 18,2233.79,1997-11-05,2026-06-30
안양시,안양4동(중앙시장)주차장관리사무소,경기도 안양시 만안구 냉천로203번길 15,38.8,2003-07-07,2026-06-30
안양시,안양4동 행정복지센터,경기도 안양시 만안구 냉천로193번길 34,763.87,1995-12-13,2026-06-30
안양시,안양4동 중앙경로당,경기도 안양시 만안구 장내로99번길 9,337.61,1997-06-27,2026-06-30
안양시,안양4동 다목적복지회관,경기도 안양시 만안구 냉천로193번길 41,983.5,1998-09-23,2026-06-30
안양시,안양3동배수지사택,경기도 안양시 만안구 안양동 94-58,48,1988-09-01,2026-06-30
안양시,안양3동 행정복지센터,경기도 안양시 만안구 양화로 28,1913.76,1999-10-16,2026-06-30
안양시,안양2동신규경로당,경기도 안양시 만안구 안양로406번길 7-16,112.86,2014-10-20,2026-06-30
안양시,안양2동 행정복지센터,경기도 안양시 만안구 안양로384번길 50,3289.24,1991-06-29,2026-06-30
안양시,안양2동 다목적복지회관,경기도 안양시 만안구 경수대로 1159,1183.25,1998-07-22,2026-06-30
안양시,안양1동성원(아)경로당,경기도 안양시 만안구 안양동 164-12 성원아파트 101동 208호,59.24,2014-09-18,2026-06-30
안양시,안양1동 행정복지센터,경기도 안양시 만안구 장내로 170,3309.57,2006-05-29,2026-06-30
안양시,안양1동 경로당,경기도 안양시 만안구 안양동 164,59.24,2014-09-18,2026-06-30
안양시,실내수영장,경기도 안양시 동안구 평촌대로 389,5890.33,1997-12-24,2026-06-30
안양시,신촌동사무소,경기도 안양시 동안구 동안로 28,3383.32,1992-08-30,2026-06-30
안양시,신촌놀이터화장실,경기도 안양시 동안구 호계동 1055-2,33.21,1995-02-26,2026-06-30
안양시,신촌경로당,경기도 안양시 동안구 평촌대로127번길 90,191.28,1998-07-31,2026-06-30
안양시,신종질병관리센터동,경기도 안양시 만안구 안양로 175,7428.11,2018-01-31,2026-06-30
안양시,신기어린이공원 공중화장실,경기도 안양시 동안구 호계동 1056-1,29.28,2014-07-31,2026-06-30
안양시,신기놀이터화장실,경기도 안양시 동안구 호계동 1056-1,12.96,1995-02-28,2026-06-30
안양시,신기경로당,경기도 안양시 동안구 경수대로665번길 65-16,298.72,2001-08-09,2026-06-30
안양시,시청사(어린이집),경기도 안양시 동안구 시민대로 235,430,1996-10-31,2026-06-30
안양시,시청사(경비실),경기도 안양시 동안구 시민대로 235,63,1996-10-31,2026-06-30
안양시,시청사,경기도 안양시 동안구 시민대로 235,42664.94,1996-10-31,2026-06-30
안양시,시의회,경기도 안양시 동안구 시민대로 235,6239.74,1996-10-31,2026-06-30
안양시,시민공원 매점,경기도 안양시 만안구 안양동 산 81-1 시민공원,34.5,2006-05-24,2026-06-30
안양시,시내버스공영차고지,경기도 안양시 만안구 일직로 119,2380,2011-06-27,2026-06-30
안양시,시내버스공영차고지,경기도 안양시 만안구 일직로 119,66.4,2011-06-27,2026-06-30
안양시,시내버스공영차고지,경기도 안양시 만안구 일직로 119,274.66,2011-06-27,2026-06-30
안양시,시내버스공영차고지,경기도 안양시 만안구 일직로 119,1406.68,2011-06-27,2026-06-30
안양시,시내버스공영차고지,경기도 안양시 만안구 일직로 119,32.4,2011-06-27,2026-06-30
안양시,스마트케어하우스,경기도 안양시 만안구 명학로 56-1,524.75,2022-11-25,2026-06-30
안양시,수촌경로당 및 지하주차장,경기도 안양시 동안구 관악대로287번길 104-22,84,2000-08-05,2026-06-30
안양시,수위실,경기도 안양시 만안구 안양로 175,48.6,2018-01-31,2026-06-30
안양시,수산동,경기도 안양시 동안구 흥안대로 313,17840.4,1997-03-25,2026-06-30
안양시,수리장애인종합복지관,경기도 안양시 만안구 냉천로 39,15621.25,2003-07-10,2026-06-30
안양시,소호경로당,경기도 안양시 동안구 경수대로685번길 15,132.4,1990-01-30,2026-06-30
안양시,설해대책용 보관창고,경기도 안양시 만안구 안양동 58-3,646,2016-01-01,2026-06-30
안양시,석실분,경기도 안양시 만안구 예술공원로245번길 150-1,45,1997-12-05,2026-06-30
안양시,석수하수처리장 약품투입동,경기도 안양시 만안구 화창로 19,379.8,2010-05-20,2026-06-30
안양시,석수하수처리장 슬러지처리동,경기도 안양시 만안구 화창로 19,4632.6,2002-12-30,2026-06-30
안양시,석수하수처리장 반류수처리시설동,경기도 안양시 만안구 화창로 19,502.48,2010-05-20,2026-06-30
안양시,석수하수처리장 3차처리시설 계단실상옥,경기도 안양시 만안구 화창로 19,15.12,2010-05-20,2026-06-30
안양시,석수소방파출소,경기도 안양시 만안구 석수로 28,412.3,1988-02-11,2026-06-30
안양시,석수배수지창고,경기도 안양시 만안구 석수동 159-4,99,1987-06-01,2026-06-30
안양시,석수배수지관사,경기도 안양시 만안구 석수동 159-4,43,1985-12-01,2026-06-30
안양시,석수배수지관리사택,경기도 안양시 만안구 화창로 84,52.11,1985-12-01,2026-06-30
안양시,석수도서관,경기도 안양시 만안구 양화로217번길 34,10652.83,2003-11-07,2026-06-30
안양시,석수3동 행정복지센터(2관),경기도 안양시 만안구 석수로212번길 23,774.88,1991-03-09,2026-06-30
안양시,석수3동 행정복지센터 건립,경기도 안양시 만안구 석수로212번길 23,2903,2020-02-12,2026-06-30
안양시,석수3동 다목적복지회관,경기도 안양시 만안구 석수로212번길 23,774.88,2022-02-28,2026-06-30
안양시,석수3동 다목적복지회관,경기도 안양시 만안구 충훈로90번길 47,895.8,1997-01-04,2026-06-30
안양시,석수2동경로당,경기도 안양시 만안구 석수로26번길 45,330.18,2017-02-03,2026-06-30
안양시,석수2동 행정복지센터,경기도 안양시 만안구 안양로 496,3410.9,2010-09-09,2026-06-30
안양시,석수2동 다목적복지회관 리모델링,경기도 안양시 만안구 안양동 266-19,597.3,2020-12-31,2026-06-30
안양시,석수2동 다목적복지회관,경기도 안양시 만안구 안양로532번길 13-8,587.01,1995-11-20,2026-06-30
안양시,석수1동 행정복지센터,경기도 안양시 만안구 경수대로 1252,3344.47,2003-07-14,2026-06-30
안양시,석수1동 경로당,경기도 안양시 만안구 석수동 182-7,299.23,2020-12-31,2026-06-30
안양시,새마을경로당,경기도 안양시 만안구 현충로16번길 14,174.6,1986-11-12,2026-06-30
안양시,삼성천경로당,경기도 안양시 만안구 석천로198번길 11-22,147.52,2004-01-03,2026-06-30
안양시,삼성산경로당,경기도 안양시 만안구 예술공원로103번길 17,243.63,2003-02-24,2026-06-30
안양시,삼봉경로당,경기도 안양시 만안구 박달로416번길 10,160.96,1998-10-10,2026-06-30
안양시,삼막애견공원 관리소 및 화장실,경기도 안양시 만안구 석수동 18,35,2018-06-14,2026-06-30
안양시,삼막마을 다목적복지회관,경기도 안양시 만안구 삼막로24번길 107,872.98,2015-09-16,2026-06-30
안양시,삼덕도서관,경기도 안양시 만안구 병목안로 58,2688.41,2016-12-31,2026-06-30
안양시,삼덕공원야외무대,경기도 안양시 만안구 삼덕로 106,42.33,2012-09-08,2026-06-30
안양시,삼덕공원 관리사무소,경기도 안양시 만안구 삼덕로 106,351.46,2009-12-31,2026-06-30
안양시,비산체육공원 관리동,경기도 안양시 동안구 평촌대로 489-29,296.45,2017-07-24,2026-06-30
안양시,비산종합사회복지관(제일경로당),경기도 안양시 동안구 임곡로 74,235.52,2006-07-26,2026-06-30
안양시,비산종합사회복지관,경기도 안양시 동안구 임곡로 74,835,1986-12-29,2026-06-30
안양시,비산정수장방수처리,경기도 안양시 동안구 비산동 산 166,129,2000-12-01,2026-06-30
안양시,비산정수장방수처리,경기도 안양시 동안구 비산동 산 166,1,2000-12-01,2026-06-30
안양시,비산배수펌프장,경기도 안양시 동안구 비산동 593-12,214,2000-12-29,2026-06-30
안양시,비산3동사무소,경기도 안양시 동안구 비산동 318-79,583.22,1991-12-24,2026-06-30
안양시,비산3동 행정복지센터(신축),경기도 안양시 동안구 평촌대로 389,2903.93,2018-11-29,2026-06-30
안양시,비산2동 행정복지센터,경기도 안양시 동안구 비산동 414-4,3611,2020-07-20,2026-06-30
안양시,비산2동 다목적복지회관,경기도 안양시 동안구 경수대로 870,1675.26,1997-06-04,2026-06-30
안양시,비산1동 행정복지센터,경기도 안양시 동안구 비산로 12,3585,2021-02-28,2026-06-30
안양시,비산 도서관,경기도 안양시 동안구 관악대로 123,3244.07,2010-07-27,2026-06-30
안양시,부흥동사무소,경기도 안양시 동안구 달안로 28,947.18,1992-05-18,2026-06-30
안양시,부흥놀이터화장실,경기도 안양시 동안구 비산동 1103-3,12.96,1995-02-28,2026-06-30
안양시,부림제2경로당,경기도 안양시 동안구 관악대로418번길 19-6,166.8,1993-06-26,2026-06-30
안양시,부림동사무소,경기도 안양시 동안구 달안로 154,1153.29,1992-12-30,2026-06-30
안양시,부림경로당,경기도 안양시 동안구 일동로 204,160.29,1999-06-16,2026-06-30
안양시,봉수경로당,경기도 안양시 만안구 성결대학로64번길 4-3,162.68,1998-07-30,2026-06-30
안양시,본관동,경기도 안양시 만안구 안양로 175,3010.57,2018-01-31,2026-06-30
안양시,보훈회관,경기도 안양시 동안구 동안로 155,1109.13,1995-03-06,2026-06-30
안양시,보일러실,경기도 안양시 만안구 안양로 175,160.27,2018-01-31,2026-06-30
안양시,병목안시민공원 관리사무소,경기도 안양시 만안구 병목안로 215,254.61,2006-05-23,2026-06-30
안양시,병목안 배드민턴장,경기도 안양시 만안구 안양동 산 81-9,687.82,2021-08-30,2026-06-30
안양시,병리해부실,경기도 안양시 만안구 안양로 175,432.72,2018-01-31,2026-06-30
안양시,병리연구동,경기도 안양시 만안구 안양로 175,1273.69,2018-01-31,2026-06-30
안양시,범계소방파출소,경기도 안양시 동안구 평촌대로211번길 56,520.19,1992-06-05,2026-06-30
안양시,범계동사무소,경기도 안양시 동안구 평촌대로217번길 63,675.76,1992-05-26,2026-06-30
안양시,범계놀이터화장실,경기도 안양시 동안구 호계동 1053-5,12.96,1995-02-26,2026-06-30
안양시,벌말도서관,경기도 안양시 동안구 흥안대로434번길 19-27,752.92,2004-03-04,2026-06-30
안양시,박달하수처리장 초침상옥-6,경기도 안양시 만안구 석천로 1,14.4,2008-02-01,2026-06-30
안양시,박달하수처리장 초침상옥-5,경기도 안양시 만안구 석천로 1,17.4,2008-02-01,2026-06-30
안양시,박달하수처리장 초침상옥-4,경기도 안양시 만안구 석천로 1,17.4,2008-02-01,2026-06-30
안양시,박달하수처리장 정화조오니투입동,경기도 안양시 만안구 석천로 1,486,2008-02-01,2026-06-30
안양시,박달하수처리장 유입펌프동,경기도 안양시 만안구 석천로 1,707,2008-02-01,2026-06-30
안양시,박달하수처리장 염소주입여과동-2,경기도 안양시 만안구 석천로 1,811,2008-02-01,2026-06-30
안양시,박달하수처리장 슬러지탈수기동-2,경기도 안양시 만안구 석천로 1,1063,2008-02-01,2026-06-30
안양시,박달하수처리장 슬러지탈수기동-1,경기도 안양시 만안구 석천로 1,1625.1,2008-02-01,2026-06-30
안양시,박달하수처리장 분배조-1,경기도 안양시 만안구 석천로 1,7.6,2008-02-01,2026-06-30
안양시,박달하수처리장 공동구상옥-2,경기도 안양시 만안구 석천로 1,9.2,2008-02-01,2026-06-30
안양시,박달하수처리장 공동구상옥-1,경기도 안양시 만안구 석천로 1,9.2,2008-02-01,2026-06-30
안양시,박달하수처리장 공기송풍기동-2,경기도 안양시 만안구 석천로 1,1080,2008-02-01,2026-06-30
안양시,박달하수처리장 가스송풍기동-2,경기도 안양시 만안구 석천로 1,364.5,2008-02-01,2026-06-30
안양시,박달하수처리장 가스송풍기동-1,경기도 안양시 만안구 석천로 1,324,2008-02-01,2026-06-30
안양시,박달하수처리장  분배조-2,경기도 안양시 만안구 석천로 1,7.2,2008-02-01,2026-06-30
안양시,박달시장공중화장실,경기도 안양시 만안구 양화로 132-3,106.36,2004-05-28,2026-06-30
안양시,박달복합청사,경기도 안양시 만안구 박달동 141-2,12298.47,2020-07-31,2026-06-30
안양시,박달보건지소,경기도 안양시 만안구 양화로 114,332.24,1976-07-15,2026-06-30
안양시,박달배수펌프장,경기도 안양시 만안구 양화로135번길 88,116.97,2003-07-15,2026-06-30
안양시,박달도서관,경기도 안양시 만안구 박달로 459,2504.03,2006-02-15,2026-06-30
안양시,박달2동 행정복지센터,경기도 안양시 만안구 박달로 440,1011.23,1995-07-19,2026-06-30
안양시,박달2동 해당화경로당,경기도 안양시 만안구 삼봉로19번길 13-6,185.4,2018-11-30,2026-06-30
안양시,박달2동 다목적복지회관,경기도 안양시 만안구 박달로472번길 46,1421.75,1999-05-17,2026-06-30
안양시,박달1동 행정복지센터,경기도 안양시 만안구 양화로127번길 9,2189.04,1997-11-05,2026-06-30
안양시,박달1동 경로당,경기도 안양시 만안구 박달로507번길 30,237.92,1998-01-20,2026-06-30
안양시,바이러스연구동,경기도 안양시 만안구 안양로 175,1038.44,2018-01-31,2026-06-30
안양시,민백어린이공원화장실,경기도 안양시 동안구 평촌동 933-2,12.96,1995-02-28,2026-06-30
안양시,민백놀이터화장실,경기도 안양시 동안구 평촌동 927,12.96,1995-02-28,2026-06-30
안양시,민백경로당,경기도 안양시 동안구 흥안대로362번길 25,123.84,2000-11-21,2026-06-30
안양시,미륭아파트,경기도 안양시 동안구 비산동 406 미륭(아) 1동 308호,88,1999-10-25,2026-06-30
안양시,미관광장남자화장실실,경기도 안양시 동안구 시민대로 지하 238,13.2,1997-12-31,2026-06-30
안양시,미관광장3호관리사무실,경기도 안양시 동안구 시민대로 지하 238,41,1995-12-22,2026-06-30
안양시,미관광장 여자화장실,경기도 안양시 동안구 시민대로 지하 238,13.2,2000-12-31,2026-06-30
안양시,문화재보호시설,경기도 안양시 동안구 관악대로121번길 79,45,1997-12-05,2026-06-30
안양시,문화누리관,경기도 안양시 만안구 예술공원로103번길 4,2394.16,2013-10-31,2026-06-30
안양시,무궁화놀이터화장실,경기도 안양시 동안구 호계동 1061,33.21,1995-02-28,2026-06-30
안양시,명학배수지발전실,경기도 안양시 만안구 성결대학로51번길 38,34,1990-11-23,2026-06-30
안양시,명학배수지관사및창고,경기도 안양시 만안구 성결대학로51번길 38,240.66,1995-11-24,2026-06-30
안양시,명학배수지가압펌프장,경기도 안양시 만안구 안양동 153-4,40,1980-09-01,2026-06-30
안양시,명학배수지D동,경기도 안양시 만안구 성결대학로51번길 38,109.2,1990-11-23,2026-06-30
안양시,명학배수지C동,경기도 안양시 만안구 성결대학로51번길 38,87.57,1990-11-23,2026-06-30
안양시,면역연구동(D형),경기도 안양시 만안구 안양로 175,71.25,2018-01-31,2026-06-30
안양시,면역연구동(B형),경기도 안양시 만안구 안양로 175,76.77,2018-01-31,2026-06-30
안양시,매곡어린이집,경기도 안양시 동안구 비산동 318-79,691.81,2020-05-04,2026-06-30
안양시,만안택시쉼터,경기도 안양시 만안구 병목안로 251-30,165,2018-07-12,2026-06-30
안양시,만안청소년수련관,경기도 안양시 만안구 안양동 462-4 외 21필지,13636.6,2008-10-28,2026-06-30
안양시,만안종합사회복지관,경기도 안양시 만안구 박달로 547-1,1675.9,2016-03-31,2026-06-30
안양시,만안여성회관,경기도 안양시 만안구 냉천로 39,6097.2,1989-10-11,2026-06-30
안양시,만안벤처센터,경기도 안양시 만안구 안양로138번길 5,1510.43,1982-08-21,2026-06-30
안양시,만안도서관,경기도 안양시 만안구 냉천로 51,4190.27,1992-07-20,2026-06-30
안양시,만안노인복지회관,경기도 안양시 만안구 냉천로153번길 15,2401.95,1997-11-22,2026-06-30
안양시,만안구청어린이집,경기도 안양시 만안구 냉천로 39,258.79,2018-02-05,2026-06-30
안양시,만안구청 H동,경기도 안양시 만안구 안양동 530 만안구청,34.93,2007-11-19,2026-06-30
안양시,만안구청 G동,경기도 안양시 만안구 안양동 530 만안구청,49.44,2003-01-13,2026-06-30
안양시,만안구청 F동,경기도 안양시 만안구 안양동 530 만안구청,35.5,2003-01-13,2026-06-30
안양시,만안구청 E동,경기도 안양시 만안구 안양동 530 만안구청,55.72,2003-01-13,2026-06-30
안양시,만안구청 D동,경기도 안양시 만안구 안양동 530 만안구청,336,1989-12-30,2026-06-30
안양시,만안구청 C동,경기도 안양시 만안구 안양동 530 만안구청,55,1977-02-05,2026-06-30
안양시,만안구청 A동,경기도 안양시 만안구 안양로 138,6989.18,1975-06-30,2026-06-30
안양시,만안구보건소,경기도 안양시 만안구 문예로 48,4837.33,2000-04-25,2026-06-30
안양시,만안경로당,경기도 안양시 만안구 안양로372번길 9-6,191.54,2005-12-12,2026-06-30
안양시,만안 배드민턴장(실내),경기도 안양시 만안구 안양동 58-3,777.15,2009-11-22,2026-06-30
안양시,마분경로당,경기도 안양시 동안구 관악대로339번길 52-20,249.75,1990-10-19,2026-06-30
안양시,럭키어린이공원 화장실,경기도 안양시 동안구 평촌동 897-6,49.5,2021-04-30,2026-06-30
안양시,동편마을 지하주차장,경기도 안양시 동안구 관양동 1709,5346.17,2013-07-31,2026-06-30
안양시,동안치매안심센터,경기도 안양시 동안구 관악대로 375,891.25,2019-10-17,2026-06-30
안양시,동안여성회관,경기도 안양시 동안구 동안로 155,6692.42,1994-10-31,2026-06-30
안양시,동안놀이터화장실,경기도 안양시 동안구 평촌동 898-5,12.96,1995-02-28,2026-06-30
안양시,동안노인복지회관,경기도 안양시 동안구 동안로 155,1937.24,1993-12-27,2026-06-30
안양시,동안구청,경기도 안양시 동안구 평촌대로253번길 41,12268.19,1995-12-25,2026-06-30
안양시,동안구보건소,경기도 안양시 동안구 평촌대로253번길 41,3017.71,2005-05-21,2026-06-30
안양시,동안경로당,경기도 안양시 동안구 관악대로330번길 9-16,96.72,1993-03-24,2026-06-30
안양시,동비산경로당,경기도 안양시 동안구 관악대로263번길 20,79.2,2000-01-21,2026-06-30
안양시,동물관리실,경기도 안양시 만안구 안양로 175,49.59,2018-01-31,2026-06-30
안양시,동력동,경기도 안양시 만안구 안양로 175,233.28,2018-01-31,2026-06-30
안양시,도매시장동,경기도 안양시 동안구 흥안대로 313,1138.5,2000-03-14,2026-06-30
안양시,덕천어린이집,경기도 안양시 만안구 덕천로 122-3,292.5,1983-09-14,2026-06-30
안양시,덕천배수펌프장,경기도 안양시 만안구 안양천서로 190,339,2000-05-11,2026-06-30
안양시,대농경로당,경기도 안양시 만안구 양화로72번길 9,103.97,1978-08-26,2026-06-30
안양시,대교경로당,경기도 안양시 만안구 박달로545번길 66-17,155.4,2004-02-21,2026-06-30
안양시,달안동사무소,경기도 안양시 동안구 달안로 65,1111.18,1993-06-10,2026-06-30
안양시,달안놀이터화장실,경기도 안양시 동안구 비산동 1109-2,12.96,1995-02-28,2026-06-30
안양시,늘푸른경로당,경기도 안양시 만안구 수리산로48번길 43,164.79,1996-06-29,2026-06-30
안양시,뉴타운아파트,경기도 안양시 동안구 비산동 354-10 삼호뉴타운아파트 5동 1203호,82,1999-10-25,2026-06-30
안양시,노인종합복지관(신관),경기도 안양시 동안구 경수대로665번길 74-30,361.28,2010-05-10,2026-06-30
안양시,노송경로당,경기도 안양시 만안구 안양로139번길 15,156.24,1993-08-27,2026-06-30
안양시,냉천놀이터주차장,경기도 안양시 만안구 안양로263번길 31,3640.16,2006-05-05,2026-06-30
안양시,냉동제빙동,경기도 안양시 동안구 흥안대로 313,1197,1997-03-25,2026-06-30
안양시,내비산경로당,경기도 안양시 동안구 평촌대로411번길 26,192.87,1997-07-07,2026-06-30
안양시,남부시장공중화장실,경기도 안양시 만안구 장내로140번길 51,164.82,2007-12-30,2026-06-30
안양시,남부경로당,경기도 안양시 만안구 장내로150번길 78,129.96,2002-08-02,2026-06-30
안양시,꿈마을놀이터화장실,경기도 안양시 동안구 평촌동 932-3,12.96,1995-02-28,2026-06-30
안양시,김중업관 부속동(문화지킴소),경기도 안양시 만안구 예술공원로103번길 4,28.83,2013-10-31,2026-06-30
안양시,김중업관 부속동(공연준비실),경기도 안양시 만안구 예술공원로103번길 4,100.46,2013-10-31,2026-06-30
안양시,김중업관 부속동,경기도 안양시 만안구 예술공원로103번길 4,43.3,2013-10-31,2026-06-30
안양시,김중업관,경기도 안양시 만안구 예술공원로103번길 4,593.72,2013-10-31,2026-06-30
안양시,금정역2차에스케이브1타워,경기도 안양시 동안구 호계동 555-2,72915.77,2023-02-06,2026-06-30
안양시,근린생활시설,경기도 안양시 만안구 양화로151번길 49,45,1999-12-09,2026-06-30
안양시,귀인동주민센터 별관,경기도 안양시 동안구 부림로 14,1198.44,2018-01-01,2026-06-30
안양시,귀인동사무소,경기도 안양시 동안구 부림로 16,940.07,1994-04-09,2026-06-30
안양시,귀인경로당,경기도 안양시 동안구 귀인로190번길 142,170.1,1996-03-23,2026-06-30
안양시,구장터경로당,경기도 안양시 동안구 흥안대로94번길 23,702.13,1997-05-28,2026-06-30
안양시,관양어린이집,경기도 안양시 동안구 일동로200번길 33,412.78,1992-12-28,2026-06-30
안양시,관양시장 공중화장실,경기도 안양시 동안구 관평로336번길 31,494.16,2009-04-24,2026-06-30
안양시,관양배수지사택,경기도 안양시 동안구 관양동 산 135-1,69,1994-07-27,2026-06-30
안양시,관양배수지관리사택,경기도 안양시 동안구 관양동 1757-1,44.37,1994-07-30,2026-06-30
안양시,관양두산벤처다임,경기도 안양시 동안구 학의로 250,519.95,2007-12-28,2026-06-30
안양시,관양두산벤처다임,경기도 안양시 동안구 학의로 250,519.95,2007-12-28,2026-06-30
안양시,관양두산벤처다임,경기도 안양시 동안구 학의로 250,477.69,2007-12-28,2026-06-30
안양시,관양두산벤처다임,경기도 안양시 동안구 학의로 250,477.69,2007-12-28,2026-06-30
안양시,관양두산벤처다임,경기도 안양시 동안구 학의로 250,244.19,2007-12-28,2026-06-30
안양시,관양두산벤처다임,경기도 안양시 동안구 학의로 250,244.19,2007-12-28,2026-06-30
안양시,관양두산벤처다임,경기도 안양시 동안구 학의로 250,244.19,2007-12-28,2026-06-30
안양시,관양두산벤처다임,경기도 안양시 동안구 학의로 250,244.19,2007-12-28,2026-06-30
안양시,관양두산벤처다임,경기도 안양시 동안구 학의로 250,232.81,2007-12-28,2026-06-30
안양시,관양두산벤처다임,경기도 안양시 동안구 학의로 250,232.81,2007-12-28,2026-06-30
안양시,관양두산벤처다임,경기도 안양시 동안구 학의로 250,232.81,2007-12-28,2026-06-30
안양시,관양두산벤처다임,경기도 안양시 동안구 학의로 250,232.81,2007-12-28,2026-06-30
안양시,관양두산벤처다임,경기도 안양시 동안구 학의로 250,232.81,2007-12-28,2026-06-30
안양시,관양두산벤처다임,경기도 안양시 동안구 학의로 250,232.81,2007-12-28,2026-06-30
안양시,관양두산벤처다임,경기도 안양시 동안구 학의로 250,232.81,2007-12-28,2026-06-30
안양시,관양두산벤처다임,경기도 안양시 동안구 학의로 250,232.81,2007-12-28,2026-06-30
안양시,관양두산벤처다임,경기도 안양시 동안구 학의로 250,232.81,2007-12-28,2026-06-30
안양시,관양두산벤처다임,경기도 안양시 동안구 학의로 250,232.81,2007-12-28,2026-06-30
안양시,관양두산벤처다임,경기도 안양시 동안구 학의로 250,232.81,2007-12-28,2026-06-30
안양시,관양두산벤처다임,경기도 안양시 동안구 학의로 250,232.81,2007-12-28,2026-06-30
안양시,관양두산벤처다임,경기도 안양시 동안구 학의로 250,232.81,2007-12-28,2026-06-30
안양시,관양도서관,경기도 안양시 동안구 동편로 124,3889.63,2015-03-25,2026-06-30
안양시,관양가압장기계실및운영실,경기도 안양시 동안구 관양동 산 376-2,786.31,1993-07-25,2026-06-30
안양시,관양가압장,경기도 안양시 동안구 관양동 1790-1,786.31,1993-07-25,2026-06-30
안양시,관양2동사무소,경기도 안양시 동안구 관양로 215,1027.62,1997-07-03,2026-06-30
안양시,관양2동 주차타워,경기도 안양시 동안구 흥안대로507번길 23,5460,2018-12-31,2026-06-30
안양시,관양2동 주민협의체(줌마맛반찬) 물품보관창고,경기도 안양시 동안구 흥안대로507번길 23,37.06,2020-05-14,2026-06-30
안양시,관양2동 다목적복지회관,경기도 안양시 동안구 인덕원로24번길 60,1698.79,1998-07-29,2026-06-30
안양시,관양1동행정복지센터,경기도 안양시 동안구 관평로358번길 46,911.25,2018-06-21,2026-06-30
안양시,관양1동 주차타워,경기도 안양시 동안구 관평로358번길 30,5581,2019-09-28,2026-06-30
안양시,관악장애인종합복지관,경기도 안양시 만안구 경수대로 1132,3862.48,1995-01-06,2026-06-30
안양시,관악장애인종합복지관,경기도 안양시 만안구 경수대로 1132,588.47,1999-01-21,2026-06-30
안양시,관악장애인공동생활가정,경기도 안양시 만안구 안양동 32-1 삼성래미안(아) 104동 102호,110,1994-12-08,2026-06-30
안양시,관악수목원 공중화장실,경기도 안양시 만안구 석수동 4-1,47.61,2006-03-31,2026-06-30
안양시,관악배수지사택,경기도 안양시 만안구 경수대로 1352,57.96,1994-07-30,2026-06-30
안양시,관악놀이터화장실,경기도 안양시 동안구 비산동 1102-6,12.96,1995-02-28,2026-06-30
안양시,관리(편익)동,경기도 안양시 동안구 흥안대로 313,5477.07,1997-03-25,2026-06-30
안양시,공중화장실(중앙시장),경기도 안양시 만안구 안양로291번길 34,27.26,2000-11-08,2026-06-30
안양시,공중화장실(염불암 앞),경기도 안양시 만안구 예술공원로245번길 150,45.96,1984-11-15,2026-06-30
안양시,공중화장실(수리산),경기도 안양시 만안구 병목안로 475,35.2,1997-11-09,2026-06-30
안양시,공중화장실(삼막사 앞 ),경기도 안양시 만안구 삼막로 584,40,1983-02-23,2026-06-30
안양시,공중화장실(병목안 약수터앞),경기도 안양시 만안구 병목안로 475,35.2,2007-07-25,2026-06-30
안양시,공중화장실(병목안 공터옆),경기도 안양시 만안구 병목안로 311,35.85,1996-10-05,2026-06-30
안양시,공작놀이터화장실,경기도 안양시 동안구 관양동 1587-1,12.96,1995-02-28,2026-06-30
안양시,공원화장실,경기도 안양시 동안구 호계동 1113-1,13,1993-12-31,2026-06-30
안양시,공동구관리사무소,경기도 안양시 동안구 관평로 213,490.47,1999-03-05,2026-06-30
안양시,경비동,경기도 안양시 동안구 흥안대로 313,65.04,1997-03-25,2026-06-30
안양시,경기산업안양센타,경기도 안양시 동안구 시민대로248번길 25,11552.53,2003-03-31,2026-06-30
안양시,검정동물사,경기도 안양시 만안구 안양로 175,187.5,2018-01-31,2026-06-30
안양시,개나리놀이터지하주차장,경기도 안양시 만안구 안양로343번길 57-7,2236.22,2006-01-11,2026-06-30
안양시,감염연구실,경기도 안양시 만안구 안양로 175,285,2018-01-31,2026-06-30
안양시,감염연구동(B동),경기도 안양시 만안구 안양로 175,374.4,2018-01-31,2026-06-30
안양시,감염연구동(A동),경기도 안양시 만안구 안양로 175,440,2018-01-31,2026-06-30
안양시,갈산동 주민센터,경기도 안양시 동안구 호계동 1118,1206.94,2011-11-30,2026-06-30
안양시,갈산놀이터화장실,경기도 안양시 동안구 호계동 1118-2,12.96,1995-02-28,2026-06-30
안양시,갈산경로당,경기도 안양시 동안구 갈산로58번길 16,178.62,1996-03-23,2026-06-30
안양시,간이화장실(병목안 주차장내),경기도 안양시 만안구 안양동 1152-10,16.2,2007-07-25,2026-06-30
안양시,9호놀이터화장실,경기도 안양시 동안구 호계동 1052-2,12.96,1995-02-28,2026-06-30
안양시,7호놀이터화장실,경기도 안양시 동안구 관양동 1588-4,12.96,1995-02-28,2026-06-30
안양시,3동배수지관리사택,경기도 안양시 만안구 박달로498번길 55,52.56,1988-09-01,2026-06-30
안양시,2단계최종침전지계단실상옥,경기도 안양시 만안구 화창로 19,18,2002-12-30,2026-06-30
안양시,2단계유입펌프장상옥,경기도 안양시 만안구 화창로 19,640.83,2002-12-30,2026-06-30
안양시,2단계송수가압장상옥,경기도 안양시 만안구 화창로 19,170.14,2002-12-30,2026-06-30
안양시,2단계농축분배조상옥,경기도 안양시 만안구 화창로 19,66.05,2002-12-30,2026-06-30
안양시,2단계관리동,경기도 안양시 만안구 화창로 19,2647.31,2002-12-30,2026-06-30
안양시,2단계공동구상옥동,경기도 안양시 만안구 화창로 19,280.8,2002-12-30,2026-06-30
안양시,2단계공기송풍기동,경기도 안양시 만안구 화창로 19,486,2002-12-30,2026-06-30
안양시,2단계UV소독조상옥,경기도 안양시 만안구 화창로 19,29.92,2002-12-30,2026-06-30
안양시,1단계확장최초침전지,경기도 안양시 동안구 비산동 655,793,1992-12-31,2026-06-30
안양시,1단계확장창고및건축부대동,경기도 안양시 동안구 비산동 655,63,1993-01-09,2026-06-30
안양시,1단계확장소화농축조,경기도 안양시 동안구 비산동 655,7.3,1993-01-01,2026-06-30
안양시,1단계확장발신기및슬러지탈수동,경기도 안양시 동안구 비산동 655,2204,1993-01-03,2026-06-30
안양시,1단계확장반송오니및공기송풍기동,경기도 안양시 동안구 비산동 583,1143,1993-01-04,2026-06-30
안양시,1단계확장반송오니동사무실,경기도 안양시 동안구 비산동 583,21,1993-01-08,2026-06-30
안양시,1단계확장모래여과및염소투입동,경기도 안양시 동안구 비산동 655,811,1993-01-06,2026-06-30
안양시,1단계확장공동구상옥,경기도 안양시 동안구 비산동 655,18.4,1993-01-02,2026-06-30
안양시,1단계확장가스송풍기동,경기도 안양시 동안구 비산동 655,365,1993-01-05,2026-06-30
안양시,1단계최초침전지삼옥,경기도 안양시 동안구 비산동 655,46.8,1992-12-30,2026-06-30
안양시,1단계유입펌프동,경기도 안양시 동안구 비산동 655,707,1992-12-30,2026-06-30
안양시,1단계오니탈수기동,경기도 안양시 동안구 비산동 583,252,1992-12-30,2026-06-30
안양시,1단계슬러지탈수동,경기도 안양시 동안구 비산동 655,1596,1992-12-30,2026-06-30
안양시,1단계반송슬러지동,경기도 안양시 동안구 비산동 655,252,1992-12-30,2026-06-30
안양시,1단계모래여과및 염소투입동,경기도 안양시 동안구 비산동 655,872,1992-12-30,2026-06-30
안양시,1단계기존관리동사무실,경기도 안양시 동안구 비산동 655,161.3,1993-01-10,2026-06-30
안양시,1단계관리동,경기도 안양시 동안구 비산동 655,1063,1992-12-30,2026-06-30
안양시,1단계공기송풍기동,경기도 안양시 동안구 비산동 655,360,1992-12-30,2026-06-30
안양시,1단계경비실,경기도 안양시 동안구 비산동 655,21,1992-12-30,2026-06-30
안양시,1단계가스송풍기동,경기도 안양시 동안구 비산동 655,342,1992-12-30,2026-06-30
