시설,주소,규모(제곱미터),최대 수용인원(명)
안양1동행정복지센터 지하,경기도 안양시 만안구 장내로 170(안양동),570,690
안양중앙지하상가,경기도 안양시 만안구 안양로 지하301(안양동),2310,2800
안양역전지하상가,경기도 안양시 만안구 만안로 지하231(안양동),15794,19144
주공뜨란채아파트,"경기도 안양시 만안구 안양천서로 289(안양동, 주공뜨란채)",17988,21803
만안초등학교 앞 지하도,경기도 안양시 만안구 안양로384번길 13(안양동),330,400
안양2동행정복지센터,경기도 안양시 만안구 안양로384번길 50(안양동),327,396
경남아너스빌아파트,"경기도 안양시 만안구 태평로 214(안양동, 안양동 경남아너스빌)",7244,8780
안양2동 삼성아파트,경기도 안양시 만안구 예술공원로 57(안양동),3181,3855
미래엠피아파트,"경기도 안양시 만안구 만안로 272(안양동, 안양 미래엠피아)",6460,7830
영화아이닉스아파트,"경기도 안양시 만안구 만안로 368(안양동, 영화아이닉스아파트)",2439,2956
안양3동정우아파트,"경기도 안양시 만안구 양화로 53(안양동, 정우아파트)",564,683
안양월드,경기도 안양시 만안구 안양로329번길 108(안양동),10124,12271
성원1차아파트,"경기도 안양시 만안구 병목안로 81(안양동, 성원1차아파트)",4049,4907
2001아울렛,경기도 안양시 만안구 안양로 275(안양동),4950,6000
중앙성당,경기도 안양시 만안구 장내로 116(안양동),3636,4407
서안양우체국 앞 지하도,경기도 안양시 만안구 안양로 233(안양동),149,180
근명고등학교(합주실),경기도 안양시 만안구 삼덕로 49(안양동),165,200
"안양대학교(대신관, 수리관)",경기도 안양시 만안구 삼덕로37번길 22(안양동),2033,2464
성원쌍떼빌아파트,"경기도 안양시 만안구 삼덕로63번길 32(안양동, 수리산성원상떼빌2차)",13386,16225
안양6동행정복지센터 지하,경기도 안양시 만안구 안양로170번길 23(안양동),274,332
안양세무서,경기도 안양시 만안구 냉천로 83(안양동),112,135
국립농산물품질관리원,경기도 안양시 만안구 안양로 114(안양동),116,140
만안구청,경기도 안양시 만안구 안양로 128(안양동),1096,1328
상공회의소,경기도 안양시 만안구 안양로 133(안양동),264,320
신성고등학교,경기도 안양시 만안구 소곡로 93(안양동),1247,1511
호정타워,경기도 안양시 만안구 만안로 49(안양동),4188,5076
명지캐럿162,"경기도 안양시 만안구 만안로 17(안양동, 명지캐럿162주상복합아파트)",8366,10140
안양씨엘포레자이,"경기도 안양시 만안구 소곡로 78(안양동, 안양씨엘포레자이)",6782,8221
유천팩토피아,경기도 안양시 만안구 전파로 30(안양동),6747,8178
레미안안양메가트리아,"경기도 안양시 만안구 안양천서로 177(안양동, 래미안 안양 메가트리아)",74159,89889
안양아트센터,경기도 안양시 만안구 문예로36번길 16(안양동),3185,3860
성결대학교,경기도 안양시 만안구 성결대학로 53(안양동),3680,4460
안양8동다목적복지관,경기도 안양시 만안구 명학로5번길 12(안양동),136,164
도정빌딩,경기도 안양시 만안구 안양로 115(안양동),5145,6236
안양8동행정복지센터,경기도 안양시 만안구 안양로111번길 17(안양동),987,1196
율목주공아파트,"경기도 안양시 만안구 병목안로110번길 12(안양동, 주공아파트)",5529,6701
효성화운트빌아파트,"경기도 안양시 만안구 병목안로130번길 83(안양동, 효성아파트)",1200,1454
신성미소지움아파트,"경기도 안양시 만안구 능곡로36번길 19(안양동, 신성안양미소지움)",3215,3896
수리산현대홈타운아파트,"경기도 안양시 만안구 창박로 17(안양동, 수리산 현대홈타운)",9672,11723
관악역지하보도,경기도 안양시 만안구 경수대로1273번길 46(석수동),149,180
예술공원사거리지하보도,"경기도 안양시 만안구 삼성산길 8(석수동, 석수역푸르지오아파트)",168,203
석수역푸르지오아파트,"경기도 안양시 만안구 삼성산길 8(석수동, 석수역푸르지오아파트)",21590,26169
석수2동행정복지센터,경기도 안양시 만안구 안양로 496 (석수동),1248,1512
석수엘지빌리지아파트,"경기도 안양시 만안구 연현로79번길 56(석수동, 석수 엘지 빌리지)",34337,41620
석수2동 현대아파트,"경기도 안양시 만안구 안양로532번길 12(석수동, 현대아파트)",32426,39304
충훈동 행정복지센터,경기도 안양시 만안구 충훈로90번길 36(석수동),1595,1933
석수현대아이파크아파트,경기도 안양시 만안구 충훈로 71(석수동),51674,62635
박달1동행복복지센터,경기도 안양시 만안구 양화로127번길 9(박달동),386,467
박달1동벽산아파트,"경기도 안양시 만안구 양화로135번길 45(박달동, 박달벽산아파트)",8161,9892
3차한신휴플러스아파트,"경기도 안양시 만안구 박달로497번길 57(박달동, 한신휴플러스타운)",13766,16686
세창짜임아파트,"경기도 안양시 만안구 박달로525번길 20-13(박달동, 짜임아파트)",2123,2573
한라비발디아파트,"경기도 안양시 만안구 박달로 453(박달동, 한라비발디아파트)",33000,40000
박달2동금호아파트,"경기도 안양시 만안구 삼봉로 61(박달동, 금호타운)",2158,2615
대림한숲타운,"경기도 안양시 만안구 박달로 344(박달동, 대림한숲타운아파트)",11570,14024
박달2동행정복지센터 지하 민방위대피시설,경기도 안양시 만안구 박달로 470(박달동),4426,5365
대림대학앞 지하보도,경기도 안양시 동안구 경수대로 980(비산동),331,401
삼성래미안아파트136동지하1층주차장,"경기도 안양시 동안구 관악대로 135(비산동, 비산 삼성 래미안)",4007,4856
삼성래미안아파트111동지하1층주차장,"경기도 안양시 동안구 관악대로 121(비산동, 비산 삼성 래미안)",13022,15784
삼성래미안아파트128동지하1층주차장,"경기도 안양시 동안구 관악대로 135(비산동, 비산 삼성 래미안)",4007,4856
"더 포레스트 힐 아파트 101,102동지하주차장","경기도 안양시 동안구 임곡로 43(비산동, 더 포레스트 힐)",800,969
더 포레스트 힐 아파트 105동지하1층주차장,"경기도 안양시 동안구 임곡로 43(비산동, 더 포레스트 힐)",400,484
비산1동화성파크드림아파트지하주차장,경기도 안양시 동안구 경수대로 947(비산동),2429,2944
비산1동행정복지센터 지하,경기도 안양시 동안구 비산로 12(비산동),867,1050
힐스테이트 비산 파크뷰 지하주차장(지하 1~2층),"경기도 안양시 동안구 임곡로 70 (비산동, 힐스테이트 비산 파크뷰)",14340,17382
비산2동 행정복지센터 지하주차장,경기도 안양시 동안구 관악대로106번길 70(비산동),1027,1245
중앙초교 지하보도,경기도 안양시 동안구 경수대로883번길 11(비산동),162,196
롯데캐슬아파트 지하주차장,"경기도 안양시 동안구 관악대로106번길 29(비산동, 비산롯데캐슬)",10603,12852
비산e편한세상아파트 지하주차장,"경기도 안양시 동안구 관악대로 171(비산동, 비산 이-편한세상)",14105,17096
비산힐스테이트아파트 지하주차장,"경기도 안양시 동안구 안양천동로 162(비산동, 비산힐스테이트아파트)",15325,18575
비산한화꿈에그린아파트 지하주차장,"경기도 안양시 동안구 경수대로883번길 33(비산동, 비산한화꿈에그린아파트)",42921,52025
평촌래미안푸르지오 아파트 지하주차장,"경기도 안양시 동안구 경수대로884번길 12(비산동, 평촌래미안푸르지오)",55574,67362
동양월드아파트 지하주차장,"경기도 안양시 동안구 관악대로 183(비산동, 동양월드타워)",5850,7090
종합운동장 빙상장 지하주차장,경기도 안양시 동안구 평촌대로 389(비산동),5850,7090
비산중학교 지하주차장,경기도 안양시 동안구 평촌대로427번길 42(비산동),169,204
비산3동행정복지센터 지하주차장,경기도 안양시 동안구 운곡로 34(비산동),703,852
부영아파트 지하주차장,"경기도 안양시 동안구 학의로 46(비산동, 관악부영아파트)",9100,11030
관악타운아파트 118동,"경기도 안양시 동안구 학의로 20(비산동, 관악아파트)",6017,7293
관악타운아파트 127동,"경기도 안양시 동안구 학의로 20(비산동, 관악아파트)",7481,9067
관악타운아파트 136동,"경기도 안양시 동안구 학의로 20(비산동, 관악아파트)",5461,6619
은하수벽산 지하주차장,"경기도 안양시 동안구 시민대로159번길 62(비산동, 은하수벽산아파트)",6799,8241
은하수신성아파트 지하주차장,"경기도 안양시 동안구 달안로 40(비산동, 은하수신성아파트)",6617,8020
은하수청구아파트 지하주차장,"경기도 안양시 동안구 시민대로159번길 41(비산동, 은하수청구아파트)",7509,9101
은하수한양아파트 지하주차장,"경기도 안양시 동안구 동안로159번길 14(비산동, 은하수한양아파트)",1957,2372
샛별아파트1차 지하주차장,"경기도 안양시 동안구 달안로 62(비산동, 샛별한양아파트)",4194,5083
샛별아파트4-1차 지하주차장,경기도 안양시 동안구 동안로 194(비산동),4994,6053
"샛별아파트4-2,3차 지하주차장","경기도 안양시 동안구 달안로 75(비산동, 샛별한양아파트)",15386,18649
홈플러스 평촌점,"경기도 안양시 동안구 평촌대로253번길 48(비산동, 샛별한양아파트)",9620,11660
농협중앙회 안양시지부,경기도 안양시 동안구 시민대로 197(비산동),992,1202
달안동 행정복지센터 지하,경기도 안양시 동안구 달안로 65(비산동),248,300
안양우체국,경기도 안양시 동안구 평촌대로253번길 25(비산동),142,172
KT안양지사,경기도 안양시 동안구 평촌대로 243(비산동),727,881
동안구청,경기도 안양시 동안구 동안로 158(비산동),3759,4556
동안구보건소,경기도 안양시 동안구 평촌대로253번길 41(비산동),307,372
농협앞 지하보도,경기도 안양시 동안구 시민대로 199(비산동),231,280
동호빌딩 지하,경기도 안양시 동안구 관악대로 353(관양동),165,200
해동놀이터 지하주차장,경기도 안양시 동안구 관악대로287번길 104-22(관양동),2619,3174
이너스내안에아파트 지하주차장,"경기도 안양시 동안구 관악대로318번길 8(관양동, 이너스내안에아파트)",1845,2236
신일해피트리아파트 지하주차장,"경기도 안양시 동안구 관악대로360번길 29-10(관양동, 신일해피트리)",1789,2168
동편마을4단지아파트 지하주차장,"경기도 안양시 동안구 동편로 135(관양동, 동편마을)",36927,44760
동편마을 공영주차장,경기도 안양시 동안구 동편로39번길 20-5(관양동),5289,6410
석영빌딩,경기도 안양시 동안구 관악대로 430(관양동),1359,1647
인덕원 지하철역 지하,경기도 안양시 동안구 흥안대로 지하529(관양동),2248,2724
비해빌딩,경기도 안양시 동안구 흥안대로 493(관양동),430,521
다목적 복지회관 지하,경기도 안양시 동안구 인덕원로24번길 60(관양동),185,224
인덕원마을삼성아파트 지하주차장,"경기도 안양시 동안구 안양판교로 42(관양동, 인덕원마을삼성아파트)",29277,35487
평촌더샵 센트럴시티 지하주차장,"경기도 안양시 동안구 시민대로327번길 55(관양동, 평촌더샵센트럴시티)",59904,72610
평촌오비즈타워 지하주차장(지하1~3층),경기도 안양시 동안구 관양동 1802 평촌 오비즈타워,26985,32710
성일아파트 지하주차장,"경기도 안양시 동안구 달안로 153(관양동, 공작성일아파트)",8555,10369
럭키아파트 지하주차장,"경기도 안양시 동안구 학의로 168(관양동, 공작럭키아파트)",2853,3458
두산아파트 지하주차장,"경기도 안양시 동안구 달안로 125(관양동, 한가람두산아파트)",4661,5649
삼성아파트 지하주차장,"경기도 안양시 동안구 학의로 146(관양동, 한가람삼성아파트)",8020,9721
한양아파트 지하주차장,"경기도 안양시 동안구 학의로 120(관양동, 한가람한양아파트)",8301,10061
평촌지하공영주차장,경기도 안양시 동안구 관양동 1591-5,33808,40979
안양시청지하주차장,경기도 안양시 동안구 시민대로 235(관양동),11240,13624
부림동행정복지센터,경기도 안양시 동안구 달안로 154(관양동),198,240
KEB하나은행앞 지하보도,경기도 안양시 동안구 시민대로 286(관양동),198,240
조선일보앞 지하보도,경기도 안양시 동안구 관평로 175(관양동),202,244
한양아파트 앞 지하보도,경기도 안양시 동안구 달안로 95(관양동),198,240
시청앞 지하보도,경기도 안양시 동안구 시민대로 235(관양동),793,961
평촌지하철역 지하,경기도 안양시 동안구 관양동 1608-1 평촌역,8529,10338
인덕원 대우아파트 지하주차장,"경기도 안양시 동안구 학의로 390(평촌동, 인덕원대우아파트푸른마을)",52172,63238
한일미래아파트 지하주차장,"경기도 안양시 동안구 흥안대로456번길 40(평촌동, 한일미래아파트)",4152,5032
인덕원대림아파트 지하주차장,"경기도 안양시 동안구 흥안대로 446-20(평촌동, 인덕원대림아파트)",4212,5105
영풍아파트 지하주차장,"경기도 안양시 동안구 흥안대로414번길 20(평촌동, 영풍아파트)",6136,7437
삼성래미안아파트 지하주차장,"경기도 안양시 동안구 흥안대로456번길 66(평촌동, 삼성래미안 아파트)",10549,12786
인덕원대림2차아파트 지하주차장,"경기도 안양시 동안구 흥안대로414번길 39(평촌동, 인덕원 대림2차 아파트)",19301,23395
평촌e-편한세상아파트 지하주차장,"경기도 안양시 동안구 흥안대로456번길 17(평촌동, 평촌 이편한세상)",17753,21518
평촌동 행정복지센터 지하,경기도 안양시 동안구 흥안대로456번길 21(평촌동),705,854
세경아파트 지하주차장,"경기도 안양시 동안구 관평로138번길 13(평촌동, 초원세경아파트)",5052,6123
한양아파트 지하주차장,"경기도 안양시 동안구 부림로 80(평촌동, 초원한양아파트)",12082,14644
LG아파트 지하주차장,"경기도 안양시 동안구 부림로 52(평촌동, 초원럭키아파트)",7448,9027
성원아파트 지하주차장,"경기도 안양시 동안구 관평로138번길 12(평촌동, 초원성원아파트)",3270,3963
대림아파트 지하주차장,"경기도 안양시 동안구 귀인로 237(평촌동, 초원대림아파트)",9712,11772
대원아파트 지하주차장,"경기도 안양시 동안구 부림로 55(평촌동, 초원대원아파트)",7655,9278
롯데아파트 지하주차장,"경기도 안양시 동안구 평촌대로180번길 28(평촌동, 향촌롯데아파트)",8349,10120
현대4차아파트 지하주차장,"경기도 안양시 동안구 귀인로 193(평촌동, 향촌현대4차아파트)",4199,5089
현대5차아파트 지하주차장,"경기도 안양시 동안구 귀인로 213(평촌동, 향촌현대5차아파트)",7970,9660
평안동행정복지센터 지하,경기도 안양시 동안구 관평로138번길 39(평촌동),147,178
꿈마을 라이프아파트 지하주차장,"경기도 안양시 동안구 귀인로 258(평촌동, 꿈마을라이프아파트)",6526,7910
꿈마을 금호아파트 지하주차장,"경기도 안양시 동안구 관평로 88(평촌동, 꿈마을금호아파트)",7590,9200
꿈마을 한신아파트 지하주차장,"경기도 안양시 동안구 관평로 68(평촌동, 꿈마을한신아파트)",10169,12326
꿈마을 현대아파트 지하주차장,"경기도 안양시 동안구 부림로 13(평촌동, 꿈마을현대아파트)",8056,9764
꿈마을 우성아파트 지하주차장,"경기도 안양시 동안구 부림로 34(평촌동, 꿈마을우성아파트)",6526,7910
꿈마을 건영2차아파트 지하주차장,"경기도 안양시 동안구 부림로 10(평촌동, 꿈마을건영아파트)",4063,4924
꿈마을 건영3차아파트 지하주차장,"경기도 안양시 동안구 귀인로 294(평촌동, 꿈마을동아아파트)",4069,4932
꿈마을 동아아파트 지하주차장,"경기도 안양시 동안구 귀인로 294(평촌동, 꿈마을동아아파트)",8182,9917
꿈마을 라이프아파트 101동,"경기도 안양시 동안구 귀인로 258(평촌동, 꿈마을라이프아파트)",747,905
꿈마을한신아파트 703동,"경기도 안양시 동안구 관평로 68(평촌동, 꿈마을한신아파트)",747,905
꿈마을 우성아파트 203동,"경기도 안양시 동안구 부림로 34(평촌동, 꿈마을우성아파트)",684,829
귀인마을 현대홈타운 101동 지하주차장,"경기도 안양시 동안구 귀인로 208(평촌동, 귀인마을현대홈타운)",7009,8481
귀인마을 현대홈타운 203동 지하주차장,"경기도 안양시 동안구 귀인로 210(평촌동, 귀인마을현대홈타운)",7556,9143
귀인동 행정복지센터 지하,경기도 안양시 동안구 부림로 16(평촌동),198,240
농수산물도매시장 지하주차장,경기도 안양시 동안구 흥안대로 313(평촌동),13760,16678
봉성빌딩,경기도 안양시 동안구 경수대로 606(호계동),265,321
양의문교회,경기도 안양시 동안구 경수대로596번길 8(호계동),331,401
삼성홈플러스(호계점)국제유통단지 지하주차장,경기도 안양시 동안구 엘에스로 92(호계동),142811,173104
대은빌딩,경기도 안양시 동안구 엘에스로91번길 45(호계동),357,432
호계1동 행정복지센터 지하,경기도 안양시 동안구 경수대로 538(호계동),231,280
평촌어바인퍼스트 1단지 지하주차장,"경기도 안양시 동안구 경수대로 581(호계동, 평촌 어바인 퍼스트)",108365,131351
평촌어바인퍼스트 1단지 지하주차장,"경기도 안양시 동안구 경수대로 583(호계동, 평촌 어바인 퍼스트)",54022,65481
럭키아파트 101동 지하주차장,"경기도 안양시 동안구 경수대로623번길 46(호계동, 럭키호계아파트)",5678,6682
LD범계마을아파트 지하주차장,"경기도 안양시 동안구 귀인로79번길 12(호계동, LD범계마을아파트)",2933,3555
호산아파트 지하주차장,"경기도 안양시 동안구 경수대로721번길 44-28(호계동, 호산아파트)",3256,3946
흥화아파트 지하주차장,"경기도 안양시 동안구 귀인로98번길 13(호계동, 흥화아파트)",7891,9564
금호아파트 지하주차장,"경기도 안양시 동안구 귀인로80번길 5(호계동, 호계동 금호아파트)",4056,4916
효성아파트 지하주차장,"경기도 안양시 동안구 시민대로110번길 43(호계동, 호계동 효성아파트)",7233,8767
한마음아파트 지하주차장,"경기도 안양시 동안구 경수대로797번길 5(호계동, 한마음아파트)",19729,23913
푸른마을삼성아파트 지하주차장,"경기도 안양시 동안구 귀인로82번길 54(호계동, 푸른마을삼성아파트)",1990,23913
일신아파트 지하주차장,"경기도 안양시 동안구 경수대로707번길 52(호계동, 일신아파트)",1385,1678
흥화2차아파트 지하주차장,"경기도 안양시 동안구 경수대로623번길 60(호계동, 흥화브라운빌아파트)",3141,1678
흥화3차아파트 지하주차장,"경기도 안양시 동안구 경수대로609번길 26(호계동, 에이치에이치아이 브라운빌 3차)",3943,4779
현대홈타운아파트,"경기도 안양시 동안구 경수대로733번길 23(호계동, 호계1차 현대홈타운)",15095,18296
신성미소지움아파트,"경기도 안양시 동안구 경수대로707번길 39(호계동, 신성호계미소지움아파트)",9310,11284
호계현대아파트 지하주차장,"경기도 안양시 동안구 포도원로27번길 44(호계동, 현대아파트)",1493,1809
일신건영아파트 지하주차장,경기도 안양시 동안구 호성로 37(호계동),5220,6327
삼익아파트 지하주차장,"경기도 안양시 동안구 경수대로 480(호계동, 삼익아파트)",5815,7048
KT전화국 지하,경기도 안양시 동안구 경수대로 507(호계동),1511,1831
우양빌딩,경기도 안양시 동안구 경수대로 527(호계동),624,756
삼호우주아파트 지하주차장,"경기도 안양시 동안구 경수대로 492(호계동, 삼호우주아파트)",1649,1998
호계2차현대홈타운아파트 지하주차장,"경기도 안양시 동안구 경수대로 462(호계동, 호계2차현대홈타운)",84882,102887
호계아크로리버아파트 지하주차장,"경기도 안양시 동안구 엘에스로 35(호계동, 호계아크로리버)",14750,17878
호계e편한세상아파트 지하주차장,"경기도 안양시 동안구 경수대로 430(호계동, 호계 e-편한세상아파트)",78235,94830
호계복합청사,경기도 안양시 동안구 경수대로 504(호계동),2089,2532
목련아파트1단지 지하주차장,"경기도 안양시 동안구 동안로 101(호계동, 목련선경아파트)",10331,12522
목련아파트3단지 지하주차장,"경기도 안양시 동안구 평촌대로211번길 21(호계동, 목련우성아파트)",780,945
목련아파트5단지 지하주차장,"경기도 안양시 동안구 평촌대로179번길 30(호계동, 목련우성아파트)",732,887
목련아파트6단지 지하주차장,"경기도 안양시 동안구 평촌대로179번길 27(호계동, 목련두산아파트)",8368,10143
목련아파트7단지 지하주차장,"경기도 안양시 동안구 귀인로 157(호계동, 목련우성7차아파트)",8336,10104
목련아파트8단지 지하주차장,"경기도 안양시 동안구 동안로 57(호계동, 목련 동아,경남아파트)",9534,11556
목련아파트9단지 지하주차장,"경기도 안양시 동안구 동안로 75(호계동, 목련신동아아파트)",9534,14144
뉴코아아울렛 지하주차장,경기도 안양시 동안구 동안로 119(호계동),23131,28037
범계지하철역 지하,경기도 안양시 동안구 호계동 1039-2 범계역,4304,5216
금호아파트(전동 지하) 지하주차장,"경기도 안양시 동안구 동안로 40(호계동, 무궁화금호아파트)",3603,4367
건영아파트(전동지하) 지하주차장,"경기도 안양시 동안구 동안로 11(호계동, 무궁화코오롱,건영아파트)",2893,3506
코오롱아파트(전동지하) 지하주차장,"경기도 안양시 동안구 동안로 11(호계동, 무궁화코오롱,건영아파트)",1851,2243
진흥아파트(전동 지하) 지하주차장,"경기도 안양시 동안구 동안로 6(호계동, 무궁화진흥아파트)",2615,3169
한양 효성아파트(전동 지하) 지하주차장,"경기도 안양시 동안구 동안로 35(호계동, 무궁화 효성,한양아파트)",3045,3690
경남아파트(전동 지하) 지하주차장,"경기도 안양시 동안구 귀인로172번길 22(호계동, 무궁화경남아파트)",8777,10638
태영아파트(전동 지하) 지하주차장,경기도 안양시 동안구 동안로 28(호계동),10338,12530
신촌동 행정복지센터 지하,경기도 안양시 동안구 동안로 28(호계동),847,1026
먹자골목 지하보도,경기도 안양시 동안구 평촌대로 127(호계동),602,729
신기중학교 지하보도,경기도 안양시 동안구 갈산로 86(호계동),321,389
갈산동행정복지센터 지하,경기도 안양시 동안구 흥안대로223번길 30(호계동),215,260
쌍용아파트 지하주차장(3개소통합),"경기도 안양시 동안구 흥안대로223번길 16(호계동, 샘마을)",7276,8819
우방아파트 지하주차장(3개소통합),"경기도 안양시 동안구 흥안대로249번길 18(호계동, 샘마을아파트)",6363,7712
임광아파트 지하주차장(3개소통합),"경기도 안양시 동안구 평촌대로40번길 100(호계동, 샘마을아파트)",10862,13166
"대우,한양아파트 지하주차장(5개소통합)","경기도 안양시 동안구 흥안대로223번길 47(호계동, 샘마을대우,한양아파트)",12884,15616
한양아파트 지하주차장(3개소통합),"경기도 안양시 동안구 흥안대로223번길 47(호계동, 샘마을대우,한양아파트)",3304,4004
호계시장 앞 지하보도(지하 1층),경기도 안양시 동안구 경수대로 562 (호계동),276,334
우편집중국 앞 지하보도(지하 1층),경기도 안양시 동안구 평촌대로 223 (호계동),375,454
호계2동 행정복지센터 지하,경기도 안양시 동안구 경수대로 657 (호계동),788,955
부흥동 행정복지센터 지하,경기도 안양시 동안구 달안로 28(비산동),122,147
만안평생교육센터,경기도 안양시 만안구 냉천로 39(안양동),5931,7189
